{
  "best_params": {
    "clf__C": 1.0,
    "tfidf__min_df": 2,
    "tfidf__ngram_range": [
      1,
      1
    ]
  },
  "cv_best_f1": 0.8646749482401657,
  "test_report": {
    "0": {
      "precision": 0.5714285714285714,
      "recall": 0.5,
      "f1-score": 0.5333333333333333,
      "support": 8.0
    },
    "1": {
      "precision": 0.75,
      "recall": 0.8,
      "f1-score": 0.7741935483870968,
      "support": 15.0
    },
    "accuracy": 0.6956521739130435,
    "macro avg": {
      "precision": 0.6607142857142857,
      "recall": 0.65,
      "f1-score": 0.6537634408602151,
      "support": 23.0
    },
    "weighted avg": {
      "precision": 0.687888198757764,
      "recall": 0.6956521739130435,
      "f1-score": 0.6904160822814399,
      "support": 23.0
    }
  },
  "test_confusion_matrix": [
    [
      4,
      4
    ],
    [
      3,
      12
    ]
  ],
  "average_precision": 0.8514086675851381
}